Wk,Date,Local,Score,Visitante,Attendance,Torneo,Goles Local,Goles Visitante,Total goles partido,Año,Mes,Temporada,Resultado,Ganador
1.0,2021-08-13,Valencia,1–0,Getafe,9868.0,Primera división,1,0,1,2021,8,21/22,Local,Valencia
1.0,2021-08-14,Cádiz,1–1,Levante,6941.0,Primera división,1,1,2,2021,8,21/22,Empate,Empate
1.0,2021-08-14,Mallorca,1–1,Betis,6279.0,Primera división,1,1,2,2021,8,21/22,Empate,Empate
1.0,2021-08-14,Osasuna,0–0,Espanyol,6715.0,Primera división,0,0,0,2021,8,21/22,Empate,Empate
1.0,2021-08-14,Alavés,1–4,Real Madrid,3968.0,Primera división,1,4,5,2021,8,21/22,Visitante,Real Madrid
1.0,2021-08-15,Celta Vigo,1–2,Atlético Madrid,5401.0,Primera división,1,2,3,2021,8,21/22,Visitante,Atlético Madrid
1.0,2021-08-15,Barcelona,4–2,Real Sociedad,20384.0,Primera división,4,2,6,2021,8,21/22,Local,Barcelona
1.0,2021-08-15,Sevilla,3–0,Rayo Vallecano,13962.0,Primera división,3,0,3,2021,8,21/22,Local,Sevilla
1.0,2021-08-16,Villarreal,0–0,Granada,7837.0,Primera división,0,0,0,2021,8,21/22,Empate,Empate
1.0,2021-08-16,Elche,0–0,Athletic Club,9145.0,Primera división,0,0,0,2021,8,21/22,Empate,Empate
2.0,2021-08-20,Betis,1–1,Cádiz,23745.0,Primera división,1,1,2,2021,8,21/22,Empate,Empate
2.0,2021-08-21,Alavés,0–1,Mallorca,2896.0,Primera división,0,1,1,2021,8,21/22,Visitante,Mallorca
2.0,2021-08-21,Granada,1–1,Valencia,6267.0,Primera división,1,1,2,2021,8,21/22,Empate,Empate
2.0,2021-08-21,Espanyol,0–0,Villarreal,11095.0,Primera división,0,0,0,2021,8,21/22,Empate,Empate
2.0,2021-08-21,Athletic Club,1–1,Barcelona,9394.0,Primera división,1,1,2,2021,8,21/22,Empate,Empate
2.0,2021-08-22,Real Sociedad,1–0,Rayo Vallecano,7652.0,Primera división,1,0,1,2021,8,21/22,Local,Real Sociedad
2.0,2021-08-22,Atlético Madrid,1–0,Elche,24926.0,Primera división,1,0,1,2021,8,21/22,Local,Atlético Madrid
2.0,2021-08-22,Levante,3–3,Real Madrid,9838.0,Primera división,3,3,6,2021,8,21/22,Empate,Empate
2.0,2021-08-23,Getafe,0–1,Sevilla,4810.0,Primera división,0,1,1,2021,8,21/22,Visitante,Sevilla
2.0,2021-08-23,Osasuna,0–0,Celta Vigo,7189.0,Primera división,0,0,0,2021,8,21/22,Empate,Empate
3.0,2021-08-27,Mallorca,1–0,Espanyol,7529.0,Primera división,1,0,1,2021,8,21/22,Local,Mallorca
3.0,2021-08-27,Valencia,3–0,Alavés,10627.0,Primera división,3,0,3,2021,8,21/22,Local,Valencia
3.0,2021-08-28,Celta Vigo,0–1,Athletic Club,5492.0,Primera división,0,1,1,2021,8,21/22,Visitante,Athletic Club
3.0,2021-08-28,Real Sociedad,1–0,Levante,7758.0,Primera división,1,0,1,2021,8,21/22,Local,Real Sociedad
3.0,2021-08-28,Elche,1–1,Sevilla,10385.0,Primera división,1,1,2,2021,8,21/22,Empate,Empate
3.0,2021-08-28,Betis,0–1,Real Madrid,22590.0,Primera división,0,1,1,2021,8,21/22,Visitante,Real Madrid
3.0,2021-08-29,Barcelona,2–1,Getafe,26543.0,Primera división,2,1,3,2021,8,21/22,Local,Barcelona
3.0,2021-08-29,Rayo Vallecano,4–0,Granada,583000.0,Primera división,4,0,4,2021,8,21/22,Local,Rayo Vallecano
3.0,2021-08-29,Cádiz,2–3,Osasuna,7452.0,Primera división,2,3,5,2021,8,21/22,Visitante,Osasuna
3.0,2021-08-29,Atlético Madrid,2–2,Villarreal,26840.0,Primera división,2,2,4,2021,8,21/22,Empate,Empate
4.0,2021-09-11,Levante,1–1,Rayo Vallecano,12974.0,Primera división,1,1,2,2021,9,21/22,Empate,Empate
4.0,2021-09-11,Athletic Club,2–0,Mallorca,14566.0,Primera división,2,0,2,2021,9,21/22,Local,Athletic Club
4.0,2021-09-12,Espanyol,1–2,Atlético Madrid,15321.0,Primera división,1,2,3,2021,9,21/22,Visitante,Atlético Madrid
4.0,2021-09-12,Osasuna,1–4,Valencia,13940.0,Primera división,1,4,5,2021,9,21/22,Visitante,Valencia
4.0,2021-09-12,Cádiz,0–2,Real Sociedad,11826.0,Primera división,0,2,2,2021,9,21/22,Visitante,Real Sociedad
4.0,2021-09-12,Real Madrid,5–2,Celta Vigo,19874.0,Primera división,5,2,7,2021,9,21/22,Local,Real Madrid
4.0,2021-09-13,Getafe,0–1,Elche,6853.0,Primera división,0,1,1,2021,9,21/22,Visitante,Elche
4.0,2021-09-13,Granada,1–2,Betis,10201.0,Primera división,1,2,3,2021,9,21/22,Visitante,Betis
5.0,2021-09-17,Celta Vigo,1–2,Cádiz,6754.0,Primera división,1,2,3,2021,9,21/22,Visitante,Cádiz
5.0,2021-09-18,Rayo Vallecano,3–0,Getafe,3280.0,Primera división,3,0,3,2021,9,21/22,Local,Rayo Vallecano
5.0,2021-09-18,Atlético Madrid,0–0,Athletic Club,38798.0,Primera división,0,0,0,2021,9,21/22,Empate,Empate
5.0,2021-09-18,Elche,1–1,Levante,11507.0,Primera división,1,1,2,2021,9,21/22,Empate,Empate
5.0,2021-09-18,Alavés,0–2,Osasuna,8176.0,Primera división,0,2,2,2021,9,21/22,Visitante,Osasuna
5.0,2021-09-19,Mallorca,0–0,Villarreal,9168.0,Primera división,0,0,0,2021,9,21/22,Empate,Empate
5.0,2021-09-19,Real Sociedad,0–0,Sevilla,23757.0,Primera división,0,0,0,2021,9,21/22,Empate,Empate
5.0,2021-09-19,Betis,2–2,Espanyol,30189.0,Primera división,2,2,4,2021,9,21/22,Empate,Empate
5.0,2021-09-19,Valencia,1–2,Real Madrid,26689.0,Primera división,1,2,3,2021,9,21/22,Visitante,Real Madrid
5.0,2021-09-20,Barcelona,1–1,Granada,27097.0,Primera división,1,1,2,2021,9,21/22,Empate,Empate
6.0,2021-09-21,Getafe,1–2,Atlético Madrid,8950.0,Primera división,1,2,3,2021,9,21/22,Visitante,Atlético Madrid
6.0,2021-09-21,Levante,0–2,Celta Vigo,11989.0,Primera división,0,2,2,2021,9,21/22,Visitante,Celta Vigo
6.0,2021-09-21,Athletic Club,1–2,Rayo Vallecano,16236.0,Primera división,1,2,3,2021,9,21/22,Visitante,Rayo Vallecano
6.0,2021-09-22,Sevilla,3–1,Valencia,23654.0,Primera división,3,1,4,2021,9,21/22,Local,Sevilla
6.0,2021-09-22,Espanyol,1–0,Alavés,14254.0,Primera división,1,0,1,2021,9,21/22,Local,Espanyol
6.0,2021-09-22,Real Madrid,6–1,Mallorca,20113.0,Primera división,6,1,7,2021,9,21/22,Local,Real Madrid
6.0,2021-09-22,Villarreal,4–1,Elche,8234.0,Primera división,4,1,5,2021,9,21/22,Local,Villarreal
6.0,2021-09-23,Granada,2–3,Real Sociedad,9552.0,Primera división,2,3,5,2021,9,21/22,Visitante,Real Sociedad
6.0,2021-09-23,Osasuna,1–3,Betis,13758.0,Primera división,1,3,4,2021,9,21/22,Visitante,Betis
6.0,2021-09-23,Cádiz,0–0,Barcelona,12180.0,Primera división,0,0,0,2021,9,21/22,Empate,Empate
7.0,2021-09-25,Alavés,1–0,Atlético Madrid,9836.0,Primera división,1,0,1,2021,9,21/22,Local,Alavés
7.0,2021-09-25,Valencia,1–1,Athletic Club,13680.0,Primera división,1,1,2,2021,9,21/22,Empate,Empate
7.0,2021-09-25,Sevilla,2–0,Espanyol,23956.0,Primera división,2,0,2,2021,9,21/22,Local,Sevilla
7.0,2021-09-25,Real Madrid,0–0,Villarreal,23985.0,Primera división,0,0,0,2021,9,21/22,Empate,Empate
7.0,2021-09-26,Mallorca,2–3,Osasuna,9359.0,Primera división,2,3,5,2021,9,21/22,Visitante,Osasuna
7.0,2021-09-26,Barcelona,3–0,Levante,35334.0,Primera división,3,0,3,2021,9,21/22,Local,Barcelona
7.0,2021-09-26,Rayo Vallecano,3–1,Cádiz,5903.0,Primera división,3,1,4,2021,9,21/22,Local,Rayo Vallecano
7.0,2021-09-26,Real Sociedad,1–0,Elche,23941.0,Primera división,1,0,1,2021,9,21/22,Local,Real Sociedad
7.0,2021-09-26,Betis,2–0,Getafe,29825.0,Primera división,2,0,2,2021,9,21/22,Local,Betis
7.0,2021-09-27,Celta Vigo,1–0,Granada,6375.0,Primera división,1,0,1,2021,9,21/22,Local,Celta Vigo
8.0,2021-10-01,Athletic Club,1–0,Alavés,28665.0,Primera división,1,0,1,2021,10,21/22,Local,Athletic Club
8.0,2021-10-02,Osasuna,1–0,Rayo Vallecano,19238.0,Primera división,1,0,1,2021,10,21/22,Local,Osasuna
8.0,2021-10-02,Mallorca,1–0,Levante,11803.0,Primera división,1,0,1,2021,10,21/22,Local,Mallorca
8.0,2021-10-02,Cádiz,0–0,Valencia,14794.0,Primera división,0,0,0,2021,10,21/22,Empate,Empate
8.0,2021-10-02,Atlético Madrid,2–0,Barcelona,60594.0,Primera división,2,0,2,2021,10,21/22,Local,Atlético Madrid
8.0,2021-10-03,Elche,1–0,Celta Vigo,11299.0,Primera división,1,0,1,2021,10,21/22,Local,Elche
8.0,2021-10-03,Espanyol,2–1,Real Madrid,23377.0,Primera división,2,1,3,2021,10,21/22,Local,Espanyol
8.0,2021-10-03,Villarreal,2–0,Betis,16719.0,Primera división,2,0,2,2021,10,21/22,Local,Villarreal
8.0,2021-10-03,Getafe,1–1,Real Sociedad,8463.0,Primera división,1,1,2,2021,10,21/22,Empate,Empate
8.0,2021-10-03,Granada,1–0,Sevilla,12334.0,Primera división,1,0,1,2021,10,21/22,Local,Granada
9.0,2021-10-16,Levante,0–0,Getafe,14551.0,Primera división,0,0,0,2021,10,21/22,Empate,Empate
9.0,2021-10-16,Real Sociedad,1–0,Mallorca,30831.0,Primera división,1,0,1,2021,10,21/22,Local,Real Sociedad
9.0,2021-10-17,Rayo Vallecano,2–1,Elche,6989.0,Primera división,2,1,3,2021,10,21/22,Local,Rayo Vallecano
9.0,2021-10-17,Celta Vigo,0–1,Sevilla,10774.0,Primera división,0,1,1,2021,10,21/22,Visitante,Sevilla
9.0,2021-10-17,Villarreal,1–2,Osasuna,14831.0,Primera división,1,2,3,2021,10,21/22,Visitante,Osasuna
9.0,2021-10-17,Barcelona,3–1,Valencia,47317.0,Primera división,3,1,4,2021,10,21/22,Local,Barcelona
9.0,2021-10-18,Alavés,0–1,Betis,10227.0,Primera división,0,1,1,2021,10,21/22,Visitante,Betis
9.0,2021-10-18,Espanyol,2–0,Cádiz,15678.0,Primera división,2,0,2,2021,10,21/22,Local,Espanyol
10.0,2021-10-22,Osasuna,1–1,Granada,21128.0,Primera división,1,1,2,2021,10,21/22,Empate,Empate
10.0,2021-10-23,Valencia,2–2,Mallorca,29139.0,Primera división,2,2,4,2021,10,21/22,Empate,Empate
10.0,2021-10-23,Cádiz,0–2,Alavés,13790.0,Primera división,0,2,2,2021,10,21/22,Visitante,Alavés
10.0,2021-10-23,Elche,2–2,Espanyol,13449.0,Primera división,2,2,4,2021,10,21/22,Empate,Empate
10.0,2021-10-23,Athletic Club,2–1,Villarreal,38698.0,Primera división,2,1,3,2021,10,21/22,Local,Athletic Club
10.0,2021-10-24,Sevilla,5–3,Levante,30601.0,Primera división,5,3,8,2021,10,21/22,Local,Sevilla
10.0,2021-10-24,Barcelona,1–2,Real Madrid,86422.0,Primera división,1,2,3,2021,10,21/22,Visitante,Real Madrid
10.0,2021-10-24,Betis,3–2,Rayo Vallecano,45362.0,Primera división,3,2,5,2021,10,21/22,Local,Betis
10.0,2021-10-24,Atlético Madrid,2–2,Real Sociedad,50032.0,Primera división,2,2,4,2021,10,21/22,Empate,Empate
10.0,2021-10-25,Getafe,0–3,Celta Vigo,7630.0,Primera división,0,3,3,2021,10,21/22,Visitante,Celta Vigo
11.0,2021-10-26,Alavés,1–0,Elche,10206.0,Primera división,1,0,1,2021,10,21/22,Local,Alavés
11.0,2021-10-26,Espanyol,1–1,Athletic Club,16196.000000000002,Primera división,1,1,2,2021,10,21/22,Empate,Empate
11.0,2021-10-26,Villarreal,3–3,Cádiz,12190.0,Primera división,3,3,6,2021,10,21/22,Empate,Empate
11.0,2021-10-27,Mallorca,1–1,Sevilla,15125.0,Primera división,1,1,2,2021,10,21/22,Empate,Empate
11.0,2021-10-27,Rayo Vallecano,1–0,Barcelona,9340.0,Primera división,1,0,1,2021,10,21/22,Local,Rayo Vallecano
11.0,2021-10-27,Betis,4–1,Valencia,43123.0,Primera división,4,1,5,2021,10,21/22,Local,Betis
11.0,2021-10-27,Real Madrid,0–0,Osasuna,35691.0,Primera división,0,0,0,2021,10,21/22,Empate,Empate
11.0,2021-10-28,Celta Vigo,0–2,Real Sociedad,8726.0,Primera división,0,2,2,2021,10,21/22,Visitante,Real Sociedad
11.0,2021-10-28,Granada,1–1,Getafe,13651.0,Primera división,1,1,2,2021,10,21/22,Empate,Empate
11.0,2021-10-28,Levante,2–2,Atlético Madrid,16297.999999999998,Primera división,2,2,4,2021,10,21/22,Empate,Empate
12.0,2021-10-30,Elche,1–2,Real Madrid,23010.0,Primera división,1,2,3,2021,10,21/22,Visitante,Real Madrid
12.0,2021-10-30,Sevilla,2–0,Osasuna,20335.0,Primera división,2,0,2,2021,10,21/22,Local,Sevilla
12.0,2021-10-30,Valencia,2–0,Villarreal,31487.0,Primera división,2,0,2,2021,10,21/22,Local,Valencia
12.0,2021-10-30,Barcelona,1–1,Alavés,37278.0,Primera división,1,1,2,2021,10,21/22,Empate,Empate
12.0,2021-10-31,Cádiz,1–1,Mallorca,11790.0,Primera división,1,1,2,2021,10,21/22,Empate,Empate
12.0,2021-10-31,Atlético Madrid,3–0,Betis,56838.0,Primera división,3,0,3,2021,10,21/22,Local,Atlético Madrid
12.0,2021-10-31,Getafe,2–1,Espanyol,4721.0,Primera división,2,1,3,2021,10,21/22,Local,Getafe
12.0,2021-10-31,Real Sociedad,1–1,Athletic Club,37066.0,Primera división,1,1,2,2021,10,21/22,Empate,Empate
12.0,2021-11-01,Rayo Vallecano,0–0,Celta Vigo,9580.0,Primera división,0,0,0,2021,11,21/22,Empate,Empate
12.0,2021-11-01,Levante,0–3,Granada,14512.0,Primera división,0,3,3,2021,11,21/22,Visitante,Granada
13.0,2021-11-05,Athletic Club,0–1,Cádiz,37581.0,Primera división,0,1,1,2021,11,21/22,Visitante,Cádiz
13.0,2021-11-06,Espanyol,2–0,Granada,19050.0,Primera división,2,0,2,2021,11,21/22,Local,Espanyol
13.0,2021-11-06,Celta Vigo,3–3,Barcelona,13146.0,Primera división,3,3,6,2021,11,21/22,Empate,Empate
13.0,2021-11-06,Alavés,2–1,Levante,12176.0,Primera división,2,1,3,2021,11,21/22,Local,Alavés
13.0,2021-11-06,Real Madrid,2–1,Rayo Vallecano,43283.0,Primera división,2,1,3,2021,11,21/22,Local,Real Madrid
13.0,2021-11-07,Villarreal,1–0,Getafe,13504.0,Primera división,1,0,1,2021,11,21/22,Local,Villarreal
13.0,2021-11-07,Valencia,3–3,Atlético Madrid,37472.0,Primera división,3,3,6,2021,11,21/22,Empate,Empate
13.0,2021-11-07,Osasuna,0–2,Real Sociedad,21741.0,Primera división,0,2,2,2021,11,21/22,Visitante,Real Sociedad
13.0,2021-11-07,Mallorca,2–2,Elche,12933.0,Primera división,2,2,4,2021,11,21/22,Empate,Empate
13.0,2021-11-07,Betis,0–2,Sevilla,50534.0,Primera división,0,2,2,2021,11,21/22,Visitante,Sevilla
14.0,2021-11-19,Levante,0–0,Athletic Club,15230.0,Primera división,0,0,0,2021,11,21/22,Empate,Empate
14.0,2021-11-20,Celta Vigo,1–1,Villarreal,10086.0,Primera división,1,1,2,2021,11,21/22,Empate,Empate
14.0,2021-11-20,Sevilla,2–2,Alavés,25208.0,Primera división,2,2,4,2021,11,21/22,Empate,Empate
14.0,2021-11-20,Atlético Madrid,1–0,Osasuna,53261.0,Primera división,1,0,1,2021,11,21/22,Local,Atlético Madrid
14.0,2021-11-20,Barcelona,1–0,Espanyol,74418.0,Primera división,1,0,1,2021,11,21/22,Local,Barcelona
14.0,2021-11-21,Getafe,4–0,Cádiz,8825.0,Primera división,4,0,4,2021,11,21/22,Local,Getafe
14.0,2021-11-21,Granada,1–4,Real Madrid,17460.0,Primera división,1,4,5,2021,11,21/22,Visitante,Real Madrid
14.0,2021-11-21,Elche,0–3,Betis,16126.999999999998,Primera división,0,3,3,2021,11,21/22,Visitante,Betis
14.0,2021-11-21,Real Sociedad,0–0,Valencia,28635.0,Primera división,0,0,0,2021,11,21/22,Empate,Empate
14.0,2021-11-22,Rayo Vallecano,3–1,Mallorca,6708.0,Primera división,3,1,4,2021,11,21/22,Local,Rayo Vallecano
15.0,2021-11-26,Athletic Club,2–2,Granada,32651.000000000004,Primera división,2,2,4,2021,11,21/22,Empate,Empate
15.0,2021-11-27,Alavés,1–2,Celta Vigo,10093.0,Primera división,1,2,3,2021,11,21/22,Visitante,Celta Vigo
15.0,2021-11-27,Valencia,1–1,Rayo Vallecano,30030.0,Primera división,1,1,2,2021,11,21/22,Empate,Empate
15.0,2021-11-27,Mallorca,0–0,Getafe,8635.0,Primera división,0,0,0,2021,11,21/22,Empate,Empate
15.0,2021-11-27,Villarreal,1–3,Barcelona,19050.0,Primera división,1,3,4,2021,11,21/22,Visitante,Barcelona
15.0,2021-11-28,Betis,3–1,Levante,45012.0,Primera división,3,1,4,2021,11,21/22,Local,Betis
15.0,2021-11-28,Espanyol,1–0,Real Sociedad,19935.0,Primera división,1,0,1,2021,11,21/22,Local,Espanyol
15.0,2021-11-28,Cádiz,1–4,Atlético Madrid,16861.0,Primera división,1,4,5,2021,11,21/22,Visitante,Atlético Madrid
15.0,2021-11-28,Real Madrid,2–1,Sevilla,45281.0,Primera división,2,1,3,2021,11,21/22,Local,Real Madrid
15.0,2021-11-29,Osasuna,1–1,Elche,16485.0,Primera división,1,1,2,2021,11,21/22,Empate,Empate
9.0,2021-12-01,Real Madrid,1–0,Athletic Club,33627.0,Primera división,1,0,1,2021,12,21/22,Local,Real Madrid
16.0,2021-12-03,Granada,2–1,Alavés,13511.0,Primera división,2,1,3,2021,12,21/22,Local,Granada
16.0,2021-12-04,Sevilla,1–0,Villarreal,30865.0,Primera división,1,0,1,2021,12,21/22,Local,Sevilla
16.0,2021-12-04,Barcelona,0–1,Betis,66529.0,Primera división,0,1,1,2021,12,21/22,Visitante,Betis
16.0,2021-12-04,Atlético Madrid,1–2,Mallorca,51009.0,Primera división,1,2,3,2021,12,21/22,Visitante,Mallorca
16.0,2021-12-04,Real Sociedad,0–2,Real Madrid,35765.0,Primera división,0,2,2,2021,12,21/22,Visitante,Real Madrid
16.0,2021-12-05,Rayo Vallecano,1–0,Espanyol,8679.0,Primera división,1,0,1,2021,12,21/22,Local,Rayo Vallecano
16.0,2021-12-05,Elche,3–1,Cádiz,11879.0,Primera división,3,1,4,2021,12,21/22,Local,Elche
16.0,2021-12-05,Levante,0–0,Osasuna,15361.0,Primera división,0,0,0,2021,12,21/22,Empate,Empate
16.0,2021-12-05,Celta Vigo,1–2,Valencia,11361.0,Primera división,1,2,3,2021,12,21/22,Visitante,Valencia
16.0,2021-12-06,Getafe,0–0,Athletic Club,9176.0,Primera división,0,0,0,2021,12,21/22,Empate,Empate
17.0,2021-12-10,Mallorca,0–0,Celta Vigo,10655.0,Primera división,0,0,0,2021,12,21/22,Empate,Empate
17.0,2021-12-11,Espanyol,4–3,Levante,15193.0,Primera división,4,3,7,2021,12,21/22,Local,Espanyol
17.0,2021-12-11,Alavés,1–1,Getafe,10065.0,Primera división,1,1,2,2021,12,21/22,Empate,Empate
17.0,2021-12-11,Valencia,2–1,Elche,31662.0,Primera división,2,1,3,2021,12,21/22,Local,Valencia
17.0,2021-12-11,Athletic Club,0–1,Sevilla,36737.0,Primera división,0,1,1,2021,12,21/22,Visitante,Sevilla
17.0,2021-12-12,Villarreal,2–0,Rayo Vallecano,13133.0,Primera división,2,0,2,2021,12,21/22,Local,Villarreal
17.0,2021-12-12,Osasuna,2–2,Barcelona,21427.0,Primera división,2,2,4,2021,12,21/22,Empate,Empate
17.0,2021-12-12,Betis,4–0,Real Sociedad,52158.0,Primera división,4,0,4,2021,12,21/22,Local,Betis
17.0,2021-12-12,Real Madrid,2–0,Atlético Madrid,51024.0,Primera división,2,0,2,2021,12,21/22,Local,Real Madrid
17.0,2021-12-13,Cádiz,1–1,Granada,13052.0,Primera división,1,1,2,2021,12,21/22,Empate,Empate
18.0,2021-12-17,Celta Vigo,3–1,Espanyol,9526.0,Primera división,3,1,4,2021,12,21/22,Local,Celta Vigo
18.0,2021-12-18,Rayo Vallecano,2–0,Alavés,7911.0,Primera división,2,0,2,2021,12,21/22,Local,Rayo Vallecano
18.0,2021-12-18,Real Sociedad,1–3,Villarreal,29679.0,Primera división,1,3,4,2021,12,21/22,Visitante,Villarreal
18.0,2021-12-18,Barcelona,3–2,Elche,41664.0,Primera división,3,2,5,2021,12,21/22,Local,Barcelona
18.0,2021-12-18,Sevilla,2–1,Atlético Madrid,33241.0,Primera división,2,1,3,2021,12,21/22,Local,Sevilla
18.0,2021-12-19,Granada,4–1,Mallorca,13014.0,Primera división,4,1,5,2021,12,21/22,Local,Granada
18.0,2021-12-19,Athletic Club,3–2,Betis,38002.0,Primera división,3,2,5,2021,12,21/22,Local,Athletic Club
18.0,2021-12-19,Getafe,1–0,Osasuna,8125.999999999999,Primera división,1,0,1,2021,12,21/22,Local,Getafe
18.0,2021-12-19,Real Madrid,0–0,Cádiz,38818.0,Primera división,0,0,0,2021,12,21/22,Empate,Empate
18.0,2021-12-20,Levante,3–4,Valencia,18851.0,Primera división,3,4,7,2021,12,21/22,Visitante,Valencia
4.0,2021-12-21,Villarreal,5–2,Alavés,12530.0,Primera división,5,2,7,2021,12,21/22,Local,Villarreal
4.0,2021-12-21,Sevilla,1–1,Barcelona,31358.0,Primera división,1,1,2,2021,12,21/22,Empate,Empate
9.0,2021-12-22,Granada,2–1,Atlético Madrid,13304.0,Primera división,2,1,3,2021,12,21/22,Local,Granada
21.0,2021-12-22,Athletic Club,1–2,Real Madrid,42722.0,Primera división,1,2,3,2021,12,21/22,Visitante,Real Madrid
19.0,2021-12-31,Valencia,1–2,Espanyol,29566.0,Primera división,1,2,3,2021,12,21/22,Visitante,Espanyol
19.0,2022-01-02,Getafe,1–0,Real Madrid,11890.0,Primera división,1,0,1,2022,1,21/22,Local,Getafe
19.0,2022-01-02,Elche,0–0,Granada,12160.0,Primera división,0,0,0,2022,1,21/22,Empate,Empate
19.0,2022-01-02,Atlético Madrid,2–0,Rayo Vallecano,43029.0,Primera división,2,0,2,2022,1,21/22,Local,Atlético Madrid
19.0,2022-01-02,Alavés,1–1,Real Sociedad,13498.0,Primera división,1,1,2,2022,1,21/22,Empate,Empate
19.0,2022-01-02,Betis,0–2,Celta Vigo,41656.0,Primera división,0,2,2,2022,1,21/22,Visitante,Celta Vigo
19.0,2022-01-02,Mallorca,0–1,Barcelona,14654.0,Primera división,0,1,1,2022,1,21/22,Visitante,Barcelona
19.0,2022-01-03,Villarreal,5–0,Levante,13462.0,Primera división,5,0,5,2022,1,21/22,Local,Villarreal
19.0,2022-01-03,Osasuna,1–3,Athletic Club,16206.0,Primera división,1,3,4,2022,1,21/22,Visitante,Athletic Club
19.0,2022-01-03,Cádiz,0–1,Sevilla,14342.0,Primera división,0,1,1,2022,1,21/22,Visitante,Sevilla
20.0,2022-01-08,Levante,2–0,Mallorca,13330.0,Primera división,2,0,2,2022,1,21/22,Local,Levante
20.0,2022-01-08,Real Sociedad,1–0,Celta Vigo,27938.0,Primera división,1,0,1,2022,1,21/22,Local,Real Sociedad
20.0,2022-01-08,Granada,1–1,Barcelona,14442.0,Primera división,1,1,2,2022,1,21/22,Empate,Empate
20.0,2022-01-08,Real Madrid,4–1,Valencia,40617.0,Primera división,4,1,5,2022,1,21/22,Local,Real Madrid
20.0,2022-01-09,Rayo Vallecano,1–1,Betis,8395.0,Primera división,1,1,2,2022,1,21/22,Empate,Empate
20.0,2022-01-09,Sevilla,1–0,Getafe,30801.0,Primera división,1,0,1,2022,1,21/22,Local,Sevilla
20.0,2022-01-09,Osasuna,2–0,Cádiz,16292.000000000002,Primera división,2,0,2,2022,1,21/22,Local,Osasuna
20.0,2022-01-09,Alavés,0–0,Athletic Club,14103.0,Primera división,0,0,0,2022,1,21/22,Empate,Empate
20.0,2022-01-09,Villarreal,2–2,Atlético Madrid,14127.0,Primera división,2,2,4,2022,1,21/22,Empate,Empate
20.0,2022-01-10,Espanyol,1–2,Elche,11870.0,Primera división,1,2,3,2022,1,21/22,Visitante,Elche
21.0,2022-01-16,Elche,1–0,Villarreal,12433.0,Primera división,1,0,1,2022,1,21/22,Local,Elche
21.0,2022-01-18,Betis,4–0,Alavés,38753.0,Primera división,4,0,4,2022,1,21/22,Local,Betis
21.0,2022-01-18,Cádiz,2–2,Espanyol,10755.0,Primera división,2,2,4,2022,1,21/22,Empate,Empate
21.0,2022-01-19,Celta Vigo,2–0,Osasuna,8837.0,Primera división,2,0,2,2022,1,21/22,Local,Celta Vigo
21.0,2022-01-19,Valencia,1–1,Sevilla,26049.0,Primera división,1,1,2,2022,1,21/22,Empate,Empate
21.0,2022-01-20,Getafe,4–2,Granada,7634.0,Primera división,4,2,6,2022,1,21/22,Local,Getafe
22.0,2022-01-21,Espanyol,1–4,Betis,17637.0,Primera división,1,4,5,2022,1,21/22,Visitante,Betis
22.0,2022-01-22,Levante,0–2,Cádiz,14063.0,Primera división,0,2,2,2022,1,21/22,Visitante,Cádiz
22.0,2022-01-22,Villarreal,3–0,Mallorca,13207.0,Primera división,3,0,3,2022,1,21/22,Local,Villarreal
22.0,2022-01-22,Sevilla,2–2,Celta Vigo,30059.0,Primera división,2,2,4,2022,1,21/22,Empate,Empate
22.0,2022-01-22,Atlético Madrid,3–2,Valencia,44999.0,Primera división,3,2,5,2022,1,21/22,Local,Atlético Madrid
22.0,2022-01-23,Granada,0–2,Osasuna,12471.0,Primera división,0,2,2,2022,1,21/22,Visitante,Osasuna
22.0,2022-01-23,Real Madrid,2–2,Elche,39796.0,Primera división,2,2,4,2022,1,21/22,Empate,Empate
22.0,2022-01-23,Rayo Vallecano,0–1,Athletic Club,9034.0,Primera división,0,1,1,2022,1,21/22,Visitante,Athletic Club
22.0,2022-01-23,Real Sociedad,0–0,Getafe,27368.0,Primera división,0,0,0,2022,1,21/22,Empate,Empate
22.0,2022-01-23,Alavés,0–1,Barcelona,14056.0,Primera división,0,1,1,2022,1,21/22,Visitante,Barcelona
23.0,2022-02-04,Getafe,3–0,Levante,8475.0,Primera división,3,0,3,2022,2,21/22,Local,Getafe
23.0,2022-02-05,Elche,3–1,Alavés,12923.0,Primera división,3,1,4,2022,2,21/22,Local,Elche
23.0,2022-02-05,Mallorca,2–1,Cádiz,12226.0,Primera división,2,1,3,2022,2,21/22,Local,Mallorca
23.0,2022-02-05,Celta Vigo,2–0,Rayo Vallecano,12546.0,Primera división,2,0,2,2022,2,21/22,Local,Celta Vigo
23.0,2022-02-05,Osasuna,0–0,Sevilla,17635.0,Primera división,0,0,0,2022,2,21/22,Empate,Empate
23.0,2022-02-06,Valencia,0–0,Real Sociedad,31351.0,Primera división,0,0,0,2022,2,21/22,Empate,Empate
23.0,2022-02-06,Barcelona,4–2,Atlético Madrid,74221.0,Primera división,4,2,6,2022,2,21/22,Local,Barcelona
23.0,2022-02-06,Betis,0–2,Villarreal,44870.0,Primera división,0,2,2,2022,2,21/22,Visitante,Villarreal
23.0,2022-02-06,Real Madrid,1–0,Granada,36665.0,Primera división,1,0,1,2022,2,21/22,Local,Real Madrid
23.0,2022-02-07,Athletic Club,2–1,Espanyol,30753.0,Primera división,2,1,3,2022,2,21/22,Local,Athletic Club
24.0,2022-02-11,Sevilla,2–0,Elche,33411.0,Primera división,2,0,2,2022,2,21/22,Local,Sevilla
24.0,2022-02-12,Cádiz,0–0,Celta Vigo,15635.0,Primera división,0,0,0,2022,2,21/22,Empate,Empate
24.0,2022-02-12,Villarreal,0–0,Real Madrid,17894.0,Primera división,0,0,0,2022,2,21/22,Empate,Empate
24.0,2022-02-12,Rayo Vallecano,0–3,Osasuna,8596.0,Primera división,0,3,3,2022,2,21/22,Visitante,Osasuna
24.0,2022-02-12,Atlético Madrid,4–3,Getafe,49375.0,Primera división,4,3,7,2022,2,21/22,Local,Atlético Madrid
24.0,2022-02-13,Alavés,2–1,Valencia,12845.0,Primera división,2,1,3,2022,2,21/22,Local,Alavés
24.0,2022-02-13,Levante,2–4,Betis,16103.000000000002,Primera división,2,4,6,2022,2,21/22,Visitante,Betis
24.0,2022-02-13,Real Sociedad,2–0,Granada,29847.0,Primera división,2,0,2,2022,2,21/22,Local,Real Sociedad
24.0,2022-02-13,Espanyol,2–2,Barcelona,25049.0,Primera división,2,2,4,2022,2,21/22,Empate,Empate
24.0,2022-02-14,Mallorca,3–2,Athletic Club,12904.0,Primera división,3,2,5,2022,2,21/22,Local,Mallorca
21.0,2022-02-16,Atlético Madrid,0–1,Levante,43456.0,Primera división,0,1,1,2022,2,21/22,Visitante,Levante
25.0,2022-02-18,Elche,2–1,Rayo Vallecano,14742.0,Primera división,2,1,3,2022,2,21/22,Local,Elche
25.0,2022-02-19,Granada,1–4,Villarreal,13389.0,Primera división,1,4,5,2022,2,21/22,Visitante,Villarreal
25.0,2022-02-19,Osasuna,0–3,Atlético Madrid,20040.0,Primera división,0,3,3,2022,2,21/22,Visitante,Atlético Madrid
25.0,2022-02-19,Cádiz,1–1,Getafe,15948.0,Primera división,1,1,2,2022,2,21/22,Empate,Empate
25.0,2022-02-19,Real Madrid,3–0,Alavés,42180.0,Primera división,3,0,3,2022,2,21/22,Local,Real Madrid
25.0,2022-02-20,Espanyol,1–1,Sevilla,24897.0,Primera división,1,1,2,2022,2,21/22,Empate,Empate
25.0,2022-02-20,Valencia,1–4,Barcelona,38315.0,Primera división,1,4,5,2022,2,21/22,Visitante,Barcelona
25.0,2022-02-20,Betis,2–1,Mallorca,48652.0,Primera división,2,1,3,2022,2,21/22,Local,Betis
25.0,2022-02-20,Athletic Club,4–0,Real Sociedad,40698.0,Primera división,4,0,4,2022,2,21/22,Local,Athletic Club
25.0,2022-02-21,Celta Vigo,1–1,Levante,9776.0,Primera división,1,1,2,2022,2,21/22,Empate,Empate
26.0,2022-02-25,Levante,3–0,Elche,14237.0,Primera división,3,0,3,2022,2,21/22,Local,Levante
26.0,2022-02-26,Mallorca,0–1,Valencia,14417.0,Primera división,0,1,1,2022,2,21/22,Visitante,Valencia
26.0,2022-02-26,Getafe,2–2,Alavés,7720.0,Primera división,2,2,4,2022,2,21/22,Empate,Empate
26.0,2022-02-26,Rayo Vallecano,0–1,Real Madrid,9952.0,Primera división,0,1,1,2022,2,21/22,Visitante,Real Madrid
26.0,2022-02-26,Atlético Madrid,2–0,Celta Vigo,48009.0,Primera división,2,0,2,2022,2,21/22,Local,Atlético Madrid
26.0,2022-02-27,Villarreal,5–1,Espanyol,15600.0,Primera división,5,1,6,2022,2,21/22,Local,Villarreal
26.0,2022-02-27,Sevilla,2–1,Betis,37250.0,Primera división,2,1,3,2022,2,21/22,Local,Sevilla
26.0,2022-02-27,Real Sociedad,1–0,Osasuna,30145.0,Primera división,1,0,1,2022,2,21/22,Local,Real Sociedad
26.0,2022-02-27,Barcelona,4–0,Athletic Club,69770.0,Primera división,4,0,4,2022,2,21/22,Local,Barcelona
26.0,2022-02-28,Granada,0–0,Cádiz,14785.0,Primera división,0,0,0,2022,2,21/22,Empate,Empate
21.0,2022-03-02,Mallorca,0–2,Real Sociedad,11550.0,Primera división,0,2,2,2022,3,21/22,Visitante,Real Sociedad
27.0,2022-03-04,Alavés,0–0,Sevilla,13121.0,Primera división,0,0,0,2022,3,21/22,Empate,Empate
27.0,2022-03-05,Osasuna,1–0,Villarreal,16659.0,Primera división,1,0,1,2022,3,21/22,Local,Osasuna
27.0,2022-03-05,Espanyol,2–0,Getafe,18519.0,Primera división,2,0,2,2022,3,21/22,Local,Espanyol
27.0,2022-03-05,Valencia,3–1,Granada,31227.0,Primera división,3,1,4,2022,3,21/22,Local,Valencia
27.0,2022-03-05,Real Madrid,4–1,Real Sociedad,52410.0,Primera división,4,1,5,2022,3,21/22,Local,Real Madrid
27.0,2022-03-06,Cádiz,2–0,Rayo Vallecano,15677.0,Primera división,2,0,2,2022,3,21/22,Local,Cádiz
27.0,2022-03-06,Elche,1–2,Barcelona,30146.0,Primera división,1,2,3,2022,3,21/22,Visitante,Barcelona
27.0,2022-03-06,Celta Vigo,4–3,Mallorca,11320.0,Primera división,4,3,7,2022,3,21/22,Local,Celta Vigo
27.0,2022-03-06,Betis,1–3,Atlético Madrid,44383.0,Primera división,1,3,4,2022,3,21/22,Visitante,Atlético Madrid
27.0,2022-03-07,Athletic Club,3–1,Levante,29485.0,Primera división,3,1,4,2022,3,21/22,Local,Athletic Club
28.0,2022-03-11,Atlético Madrid,2–1,Cádiz,50573.0,Primera división,2,1,3,2022,3,21/22,Local,Atlético Madrid
28.0,2022-03-12,Levante,1–1,Espanyol,13407.0,Primera división,1,1,2,2022,3,21/22,Empate,Empate
28.0,2022-03-12,Granada,0–1,Elche,15345.0,Primera división,0,1,1,2022,3,21/22,Visitante,Elche
28.0,2022-03-12,Villarreal,1–0,Celta Vigo,14929.0,Primera división,1,0,1,2022,3,21/22,Local,Villarreal
28.0,2022-03-12,Getafe,0–0,Valencia,10349.0,Primera división,0,0,0,2022,3,21/22,Empate,Empate
28.0,2022-03-13,Rayo Vallecano,1–1,Sevilla,9073.0,Primera división,1,1,2,2022,3,21/22,Empate,Empate
28.0,2022-03-13,Betis,1–0,Athletic Club,48876.0,Primera división,1,0,1,2022,3,21/22,Local,Betis
28.0,2022-03-13,Real Sociedad,1–0,Alavés,31573.0,Primera división,1,0,1,2022,3,21/22,Local,Real Sociedad
28.0,2022-03-13,Barcelona,4–0,Osasuna,54507.0,Primera división,4,0,4,2022,3,21/22,Local,Barcelona
28.0,2022-03-14,Mallorca,0–3,Real Madrid,17191.0,Primera división,0,3,3,2022,3,21/22,Visitante,Real Madrid
29.0,2022-03-18,Athletic Club,1–1,Getafe,37367.0,Primera división,1,1,2,2022,3,21/22,Empate,Empate
29.0,2022-03-19,Alavés,2–3,Granada,16209.0,Primera división,2,3,5,2022,3,21/22,Visitante,Granada
29.0,2022-03-19,Elche,0–1,Valencia,15780.0,Primera división,0,1,1,2022,3,21/22,Visitante,Valencia
29.0,2022-03-19,Osasuna,3–1,Levante,19429.0,Primera división,3,1,4,2022,3,21/22,Local,Osasuna
29.0,2022-03-19,Rayo Vallecano,0–1,Atlético Madrid,10349.0,Primera división,0,1,1,2022,3,21/22,Visitante,Atlético Madrid
29.0,2022-03-20,Espanyol,1–0,Mallorca,17578.0,Primera división,1,0,1,2022,3,21/22,Local,Espanyol
29.0,2022-03-20,Celta Vigo,0–0,Betis,13149.0,Primera división,0,0,0,2022,3,21/22,Empate,Empate
29.0,2022-03-20,Cádiz,1–0,Villarreal,13325.0,Primera división,1,0,1,2022,3,21/22,Local,Cádiz
29.0,2022-03-20,Sevilla,0–0,Real Sociedad,24861.0,Primera división,0,0,0,2022,3,21/22,Empate,Empate
29.0,2022-03-20,Real Madrid,0–4,Barcelona,60017.0,Primera división,0,4,4,2022,3,21/22,Visitante,Barcelona
30.0,2022-04-02,Getafe,1–0,Mallorca,8946.0,Primera división,1,0,1,2022,4,21/22,Local,Getafe
30.0,2022-04-02,Levante,2–0,Villarreal,14908.0,Primera división,2,0,2,2022,4,21/22,Local,Levante
30.0,2022-04-02,Celta Vigo,1–2,Real Madrid,15714.0,Primera división,1,2,3,2022,4,21/22,Visitante,Real Madrid
30.0,2022-04-02,Atlético Madrid,4–1,Alavés,51467.0,Primera división,4,1,5,2022,4,21/22,Local,Atlético Madrid
30.0,2022-04-03,Athletic Club,2–1,Elche,34572.0,Primera división,2,1,3,2022,4,21/22,Local,Athletic Club
30.0,2022-04-03,Betis,4–1,Osasuna,49103.0,Primera división,4,1,5,2022,4,21/22,Local,Betis
30.0,2022-04-03,Valencia,0–0,Cádiz,32949.0,Primera división,0,0,0,2022,4,21/22,Empate,Empate
30.0,2022-04-03,Granada,2–2,Rayo Vallecano,15823.0,Primera división,2,2,4,2022,4,21/22,Empate,Empate
30.0,2022-04-03,Barcelona,1–0,Sevilla,76112.0,Primera división,1,0,1,2022,4,21/22,Local,Barcelona
30.0,2022-04-04,Real Sociedad,1–0,Espanyol,20869.0,Primera división,1,0,1,2022,4,21/22,Local,Real Sociedad
31.0,2022-04-08,Sevilla,4–2,Granada,33504.0,Primera división,4,2,6,2022,4,21/22,Local,Sevilla
31.0,2022-04-09,Cádiz,1–2,Betis,18063.0,Primera división,1,2,3,2022,4,21/22,Visitante,Betis
31.0,2022-04-09,Mallorca,1–0,Atlético Madrid,15437.0,Primera división,1,0,1,2022,4,21/22,Local,Mallorca
31.0,2022-04-09,Villarreal,1–1,Athletic Club,16603.0,Primera división,1,1,2,2022,4,21/22,Empate,Empate
31.0,2022-04-09,Real Madrid,2–0,Getafe,50740.0,Primera división,2,0,2,2022,4,21/22,Local,Real Madrid
31.0,2022-04-10,Osasuna,1–0,Alavés,19220.0,Primera división,1,0,1,2022,4,21/22,Local,Osasuna
31.0,2022-04-10,Espanyol,1–0,Celta Vigo,18471.0,Primera división,1,0,1,2022,4,21/22,Local,Espanyol
31.0,2022-04-10,Elche,1–2,Real Sociedad,17011.0,Primera división,1,2,3,2022,4,21/22,Visitante,Real Sociedad
31.0,2022-04-10,Levante,2–3,Barcelona,20785.0,Primera división,2,3,5,2022,4,21/22,Visitante,Barcelona
31.0,2022-04-11,Rayo Vallecano,1–1,Valencia,9302.0,Primera división,1,1,2,2022,4,21/22,Empate,Empate
32.0,2022-04-15,Real Sociedad,0–0,Betis,28893.0,Primera división,0,0,0,2022,4,21/22,Empate,Empate
32.0,2022-04-16,Elche,3–0,Mallorca,20257.0,Primera división,3,0,3,2022,4,21/22,Local,Elche
32.0,2022-04-16,Alavés,1–0,Rayo Vallecano,10165.0,Primera división,1,0,1,2022,4,21/22,Local,Alavés
32.0,2022-04-16,Valencia,1–2,Osasuna,30148.0,Primera división,1,2,3,2022,4,21/22,Visitante,Osasuna
32.0,2022-04-16,Getafe,1–2,Villarreal,9657.0,Primera división,1,2,3,2022,4,21/22,Visitante,Villarreal
32.0,2022-04-17,Granada,1–4,Levante,15323.0,Primera división,1,4,5,2022,4,21/22,Visitante,Levante
32.0,2022-04-17,Atlético Madrid,2–1,Espanyol,54011.0,Primera división,2,1,3,2022,4,21/22,Local,Atlético Madrid
32.0,2022-04-17,Athletic Club,0–2,Celta Vigo,35541.0,Primera división,0,2,2,2022,4,21/22,Visitante,Celta Vigo
32.0,2022-04-17,Sevilla,2–3,Real Madrid,40629.0,Primera división,2,3,5,2022,4,21/22,Visitante,Real Madrid
32.0,2022-04-18,Barcelona,0–1,Cádiz,57495.0,Primera división,0,1,1,2022,4,21/22,Visitante,Cádiz
33.0,2022-04-19,Mallorca,2–1,Alavés,15264.0,Primera división,2,1,3,2022,4,21/22,Local,Mallorca
33.0,2022-04-19,Betis,0–1,Elche,43257.0,Primera división,0,1,1,2022,4,21/22,Visitante,Elche
33.0,2022-04-19,Villarreal,2–0,Valencia,13570.0,Primera división,2,0,2,2022,4,21/22,Local,Villarreal
33.0,2022-04-20,Atlético Madrid,0–0,Granada,43517.0,Primera división,0,0,0,2022,4,21/22,Empate,Empate
33.0,2022-04-20,Celta Vigo,0–2,Getafe,9934.0,Primera división,0,2,2,2022,4,21/22,Visitante,Getafe
33.0,2022-04-20,Osasuna,1–3,Real Madrid,21360.0,Primera división,1,3,4,2022,4,21/22,Visitante,Real Madrid
33.0,2022-04-21,Levante,2–3,Sevilla,18107.0,Primera división,2,3,5,2022,4,21/22,Visitante,Sevilla
33.0,2022-04-21,Espanyol,0–1,Rayo Vallecano,11873.0,Primera división,0,1,1,2022,4,21/22,Visitante,Rayo Vallecano
33.0,2022-04-21,Cádiz,2–3,Athletic Club,17360.0,Primera división,2,3,5,2022,4,21/22,Visitante,Athletic Club
33.0,2022-04-21,Real Sociedad,0–1,Barcelona,35128.0,Primera división,0,1,1,2022,4,21/22,Visitante,Barcelona
21.0,2022-04-24,Barcelona,0–1,Rayo Vallecano,57023.0,Primera división,0,1,1,2022,4,21/22,Visitante,Rayo Vallecano
34.0,2022-04-29,Sevilla,1–1,Cádiz,37113.0,Primera división,1,1,2,2022,4,21/22,Empate,Empate
34.0,2022-04-30,Alavés,2–1,Villarreal,12579.0,Primera división,2,1,3,2022,4,21/22,Local,Alavés
34.0,2022-04-30,Real Madrid,4–0,Espanyol,58686.0,Primera división,4,0,4,2022,4,21/22,Local,Real Madrid
34.0,2022-04-30,Valencia,1–1,Levante,35099.0,Primera división,1,1,2,2022,4,21/22,Empate,Empate
34.0,2022-04-30,Athletic Club,2–0,Atlético Madrid,43398.0,Primera división,2,0,2,2022,4,21/22,Local,Athletic Club
34.0,2022-05-01,Elche,1–1,Osasuna,16305.0,Primera división,1,1,2,2022,5,21/22,Empate,Empate
34.0,2022-05-01,Granada,1–1,Celta Vigo,15036.0,Primera división,1,1,2,2022,5,21/22,Empate,Empate
34.0,2022-05-01,Rayo Vallecano,1–1,Real Sociedad,9395.0,Primera división,1,1,2,2022,5,21/22,Empate,Empate
34.0,2022-05-01,Barcelona,2–1,Mallorca,62789.0,Primera división,2,1,3,2022,5,21/22,Local,Barcelona
34.0,2022-05-02,Getafe,0–0,Betis,9916.0,Primera división,0,0,0,2022,5,21/22,Empate,Empate
35.0,2022-05-06,Levante,2–1,Real Sociedad,17278.0,Primera división,2,1,3,2022,5,21/22,Local,Levante
35.0,2022-05-07,Mallorca,2–6,Granada,18466.0,Primera división,2,6,8,2022,5,21/22,Visitante,Granada
35.0,2022-05-07,Athletic Club,0–0,Valencia,41091.0,Primera división,0,0,0,2022,5,21/22,Empate,Empate
35.0,2022-05-07,Cádiz,3–0,Elche,17615.0,Primera división,3,0,3,2022,5,21/22,Local,Cádiz
35.0,2022-05-07,Celta Vigo,4–0,Alavés,10567.0,Primera división,4,0,4,2022,5,21/22,Local,Celta Vigo
35.0,2022-05-07,Betis,1–2,Barcelona,46132.0,Primera división,1,2,3,2022,5,21/22,Visitante,Barcelona
35.0,2022-05-08,Getafe,0–0,Rayo Vallecano,10125.0,Primera división,0,0,0,2022,5,21/22,Empate,Empate
35.0,2022-05-08,Villarreal,1–1,Sevilla,17461.0,Primera división,1,1,2,2022,5,21/22,Empate,Empate
35.0,2022-05-08,Espanyol,1–1,Osasuna,18903.0,Primera división,1,1,2,2022,5,21/22,Empate,Empate
35.0,2022-05-08,Atlético Madrid,1–0,Real Madrid,63874.0,Primera división,1,0,1,2022,5,21/22,Local,Atlético Madrid
36.0,2022-05-10,Valencia,0–3,Betis,28091.0,Primera división,0,3,3,2022,5,21/22,Visitante,Betis
36.0,2022-05-10,Granada,1–0,Athletic Club,16638.0,Primera división,1,0,1,2022,5,21/22,Local,Granada
36.0,2022-05-10,Barcelona,3–1,Celta Vigo,55899.0,Primera división,3,1,4,2022,5,21/22,Local,Barcelona
36.0,2022-05-11,Osasuna,1–1,Getafe,17850.0,Primera división,1,1,2,2022,5,21/22,Empate,Empate
36.0,2022-05-11,Alavés,2–1,Espanyol,12729.0,Primera división,2,1,3,2022,5,21/22,Local,Alavés
36.0,2022-05-11,Sevilla,0–0,Mallorca,33242.0,Primera división,0,0,0,2022,5,21/22,Empate,Empate
36.0,2022-05-11,Elche,0–2,Atlético Madrid,21266.0,Primera división,0,2,2,2022,5,21/22,Visitante,Atlético Madrid
36.0,2022-05-12,Real Sociedad,3–0,Cádiz,29014.0,Primera división,3,0,3,2022,5,21/22,Local,Real Sociedad
36.0,2022-05-12,Rayo Vallecano,1–5,Villarreal,7945.0,Primera división,1,5,6,2022,5,21/22,Visitante,Villarreal
36.0,2022-05-12,Real Madrid,6–0,Levante,38421.0,Primera división,6,0,6,2022,5,21/22,Local,Real Madrid
37.0,2022-05-14,Espanyol,1–1,Valencia,14990.0,Primera división,1,1,2,2022,5,21/22,Empate,Empate
37.0,2022-05-15,Cádiz,1–1,Real Madrid,19643.0,Primera división,1,1,2,2022,5,21/22,Empate,Empate
37.0,2022-05-15,Mallorca,2–1,Rayo Vallecano,17930.0,Primera división,2,1,3,2022,5,21/22,Local,Mallorca
37.0,2022-05-15,Atlético Madrid,1–1,Sevilla,58138.0,Primera división,1,1,2,2022,5,21/22,Empate,Empate
37.0,2022-05-15,Betis,2–0,Granada,45016.0,Primera división,2,0,2,2022,5,21/22,Local,Betis
37.0,2022-05-15,Getafe,0–0,Barcelona,13072.0,Primera división,0,0,0,2022,5,21/22,Empate,Empate
37.0,2022-05-15,Athletic Club,2–0,Osasuna,37869.0,Primera división,2,0,2,2022,5,21/22,Local,Athletic Club
37.0,2022-05-15,Celta Vigo,1–0,Elche,10773.0,Primera división,1,0,1,2022,5,21/22,Local,Celta Vigo
37.0,2022-05-15,Levante,3–1,Alavés,12438.0,Primera división,3,1,4,2022,5,21/22,Local,Levante
37.0,2022-05-15,Villarreal,1–2,Real Sociedad,16689.0,Primera división,1,2,3,2022,5,21/22,Visitante,Real Sociedad
38.0,2022-05-20,Real Madrid,0–0,Betis,52232.0,Primera división,0,0,0,2022,5,21/22,Empate,Empate
38.0,2022-05-20,Rayo Vallecano,2–4,Levante,8446.0,Primera división,2,4,6,2022,5,21/22,Visitante,Levante
38.0,2022-05-21,Valencia,2–0,Celta Vigo,16189.0,Primera división,2,0,2,2022,5,21/22,Local,Valencia
38.0,2022-05-22,Elche,3–1,Getafe,17336.0,Primera división,3,1,4,2022,5,21/22,Local,Elche
38.0,2022-05-22,Osasuna,0–2,Mallorca,18717.0,Primera división,0,2,2,2022,5,21/22,Visitante,Mallorca
38.0,2022-05-22,Alavés,0–1,Cádiz,11138.0,Primera división,0,1,1,2022,5,21/22,Visitante,Cádiz
38.0,2022-05-22,Granada,0–0,Espanyol,17951.0,Primera división,0,0,0,2022,5,21/22,Empate,Empate
38.0,2022-05-22,Real Sociedad,1–2,Atlético Madrid,23586.0,Primera división,1,2,3,2022,5,21/22,Visitante,Atlético Madrid
38.0,2022-05-22,Barcelona,0–2,Villarreal,54850.0,Primera división,0,2,2,2022,5,21/22,Visitante,Villarreal
38.0,2022-05-22,Sevilla,1–0,Athletic Club,31305.0,Primera división,1,0,1,2022,5,21/22,Local,Sevilla
